{
  "description": "项目配置文件",
  "miniprogramRoot": "miniprogram/",
  "compileType": "miniprogram",
  "setting": {
    "useCompilerPlugins": [
      "typescript"
    ],
    "babelSetting": {
      "ignore": [],
      "disablePlugins": [],
      "outputPath": ""
    },
    "coverView": false,
    "postcss": false,
    "minified": false,
    "enhance": true,
    "showShadowRootInWxmlPanel": false,
    "packNpmRelationList": [],
    "ignoreUploadUnusedFiles": true,
    "compileHotReLoad": false,
    "skylineRenderEnable": true,
    "es6": true
  },
  "simulatorType": "wechat",
  "simulatorPluginLibVersion": {},
  "condition": {},
  "srcMiniprogramRoot": "miniprogram/",
  "editorSetting": {
    "tabIndent": "insertSpaces",
    "tabSize": 2
  },
  "libVersion": "trial",
  "packOptions": {
    "ignore": [],
    "include": []
  },
  "appid": "wx27af5242fcca616d"
}